epoch,lr,train_loss,train_acc,val_loss,val_acc
1,0.0004,3.3712135677337645,16.5375,2.1220022125244142,23.6
2,0.0006,2.9402387199401856,29.2875,1.8599286375045776,32.2
