class_id,total,correct,acc_percent
0,24,18,75.0
1,24,23,95.83333333333333
2,24,24,100.0
3,24,23,95.83333333333333
4,24,19,79.16666666666667
5,24,24,100.0
6,24,22,91.66666666666667
7,24,23,95.83333333333333
8,48,43,89.58333333333333
9,24,19,79.16666666666667
10,24,17,70.83333333333333
