dataset,metric,value_percent,raw_value
cifar10dvs,Input activity,34.669923095703126,0.34669923095703126
cifar10dvs,Active SOP ratio,9.773359731887258,0.09773359731887257
cifar10dvs,LIF spike activity,6.367307865724669,0.0636730786572467
cifar10dvs,ADC request activity,76.91186361771805,0.7691186361771806
dvsgesture,Input activity,23.786487579345703,0.23786487579345703
dvsgesture,Active SOP ratio,8.632714362846288,0.08632714362846287
dvsgesture,LIF spike activity,4.212170484995696,0.042121704849956955
dvsgesture,ADC request activity,65.29718925049121,0.6529718925049122
