hapr_group_size,hapr_output_lanes_total,adc_macros,comparator_threshold_fs_default,adc_requests_per_image,cycles_per_image_input,adc_demand_per_cycle,adc_macro_utilization,adc_service_cycles_per_image,adc_stall_cycles_proxy,adc_is_saturated,sweep_adc_macros
8,32,4,0.02,1226818.8885830292,80229.51003906249,15.291367079092348,1.0,306704.7221457573,226475.21210669482,True,4
8,32,8,0.02,1226818.8885830292,80229.51003906249,15.291367079092348,1.0,153352.36107287864,73122.85103381616,True,8
8,32,16,0.02,1226818.8885830292,80229.51003906249,15.291367079092348,0.9557104424432717,76676.18053643932,0.0,False,16
8,32,32,0.02,1226818.8885830292,80229.51003906249,15.291367079092348,0.4778552212216359,38338.09026821966,0.0,False,32
8,32,64,0.02,1226818.8885830292,80229.51003906249,15.291367079092348,0.23892761061081794,19169.04513410983,0.0,False,64
