layer,name,module_type,calls,input_active,input_total,input_activity,output_active,output_total,output_activity,adc_request_active,adc_request_total,adc_activity_proxy,dense_sop_total,active_sop_total,dense_sop_per_image,active_sop_per_image,output_mean_abs,output_rms,output_max_abs
conv1,conv1,Conv2d,30,22447746,94371840,0.23786487579345703,899244672,1509949440,0.5955462137858073,899244672,1509949440,0.5955462137858073,27179089920.0,6464950848.0,94371840.0,22447746.0,0.2054839548137453,0.3876521255435711,1.9920061826705933
conv2,conv2,Conv2d,30,35686394,377487360,0.09453665945265029,709281930,754974720,0.9394777218500773,709281930,754974720,0.9394777218500773,217432719360.0,20555362944.0,754974720.0,71372788.0,0.31997892144653534,0.46692885320341854,3.609180450439453
conv3,conv3,Conv2d,30,16088624,188743680,0.08524059719509548,370817583,377487360,0.982331124941508,370817583,377487360,0.982331124941508,217432719360.0,18534094848.0,754974720.0,64354496.0,0.45841287242041695,0.6388646474215213,5.063364028930664
conv4,conv4,Conv2d,30,8925396,94371840,0.09457689921061198,92116930,94371840,0.9761061138576932,92116930,94371840,0.9761061138576932,108716359680.0,10282056192.0,377487360.0,35701584.0,0.6177652008003659,0.8564994583209823,7.407207012176514
conv5,conv5,Conv2d,30,5230783,94371840,0.055427371131049265,188699917,188743680,0.9997681352827285,188699917,188743680,0.9997681352827285,217432719360.0,12051724032.0,754974720.0,41846264.0,0.3169649942053689,0.42900799766384334,4.183801174163818
fc1,fc1,Linear,30,666436,737280,0.9039116753472223,737280,737280,1.0,737280,737280,1.0,188743680.0,170607616.0,655360.0,592387.5555555555,1.4832327571180133,1.9436478220655184,11.096894264221191
