{
  "best_epoch": 46,
  "best_val_acc": 91.66666666666667,
  "test": {
    "loss": 0.4110616048177083,
    "acc": 88.54166666666667,
    "total": 288.0
  },
  "run_dir": "results/dvsgesture/run_20260629_191844_dvsgesture"
}