{
  "eval_name": "eval_06",
  "purpose": "cpu_gpu_software_runtime_baseline",
  "command": "/root/autodl-tmp/OpticalDeconv_SNN/eval/eval_06.py --dataset cifar10dvs --config configs/config_cifar10dvs_clip3_b96_wd001_do03.yaml --checkpoint results/cifar10dvs/cifar10dvs_best_clip3_b96_wd001_do03_val733_test764.pth --output-root results/eval_v2 --devices cpu cuda --batch-size 1 --num-workers 0 --num-warmup 20 --num-runs 100",
  "dataset": "cifar10dvs",
  "config": "configs/config_cifar10dvs_clip3_b96_wd001_do03.yaml",
  "checkpoint": "results/cifar10dvs/cifar10dvs_best_clip3_b96_wd001_do03_val733_test764.pth",
  "split": "test",
  "batch_size": 1,
  "num_workers": 0,
  "num_warmup": 20,
  "num_runs": 100,
  "devices": [
    "cpu",
    "cuda"
  ],
  "cpu_active_power_w": null,
  "gpu_active_power_w": null,
  "device_results": [
    {
      "device": "cpu",
      "available": true,
      "dataset": "cifar10dvs",
      "num_warmup": 20,
      "num_runs_requested": 100,
      "num_timed_batches": 100,
      "batch_size": 1,
      "total_seen_samples": 120,
      "total_timed_samples": 100,
      "accuracy_percent_timed": 73.0,
      "loss_timed": 0.9343164451513439,
      "summary": {
        "num_timed_batches": 100,
        "mean_latency_s": 0.04859770037233829,
        "mean_latency_ms": 48.597700372338295,
        "median_latency_s": 0.04835015721619129,
        "median_latency_ms": 48.35015721619129,
        "std_latency_s": 0.002883672013345701,
        "std_latency_ms": 2.8836720133457012,
        "p50_latency_s": 0.04835015721619129,
        "p50_latency_ms": 48.35015721619129,
        "p90_latency_s": 0.05105513855814933,
        "p90_latency_ms": 51.05513855814933,
        "p95_latency_s": 0.051778247207403184,
        "p95_latency_ms": 51.77824720740318,
        "p99_latency_s": 0.056177855096757476,
        "p99_latency_ms": 56.177855096757476,
        "min_latency_s": 0.04329017922282219,
        "min_latency_ms": 43.29017922282219,
        "max_latency_s": 0.06869252771139145,
        "max_latency_ms": 68.69252771139145,
        "throughput_images_per_s": 20.577105343223153,
        "mean_latency_s_per_image": 0.04859770037233829,
        "mean_latency_ms_per_image": 48.597700372338295,
        "throughput_images_per_s_per_image_latency": 20.577105343223153,
        "active_power_w": null,
        "energy_J_per_image": null,
        "energy_mJ_per_image": null
      }
    },
    {
      "device": "cuda",
      "available": true,
      "dataset": "cifar10dvs",
      "num_warmup": 20,
      "num_runs_requested": 100,
      "num_timed_batches": 100,
      "batch_size": 1,
      "total_seen_samples": 120,
      "total_timed_samples": 100,
      "accuracy_percent_timed": 73.0,
      "loss_timed": 0.9515456788195297,
      "summary": {
        "num_timed_batches": 100,
        "mean_latency_s": 0.010166537463665009,
        "mean_latency_ms": 10.166537463665009,
        "median_latency_s": 0.010169655084609985,
        "median_latency_ms": 10.169655084609985,
        "std_latency_s": 3.689254906221721e-05,
        "std_latency_ms": 0.036892549062217214,
        "p50_latency_s": 0.010169655084609985,
        "p50_latency_ms": 10.169655084609985,
        "p90_latency_s": 0.010215651616454125,
        "p90_latency_ms": 10.215651616454124,
        "p95_latency_s": 0.010233858972787857,
        "p95_latency_ms": 10.233858972787857,
        "p99_latency_s": 0.010251495130360127,
        "p99_latency_ms": 10.251495130360126,
        "min_latency_s": 0.010066356509923935,
        "min_latency_ms": 10.066356509923935,
        "max_latency_s": 0.010257679969072342,
        "max_latency_ms": 10.257679969072342,
        "throughput_images_per_s": 98.36190576919418,
        "mean_latency_s_per_image": 0.010166537463665009,
        "mean_latency_ms_per_image": 10.166537463665009,
        "throughput_images_per_s_per_image_latency": 98.36190576919418,
        "active_power_w": null,
        "energy_J_per_image": null,
        "energy_mJ_per_image": null
      }
    }
  ],
  "notes": {
    "latency": "Use batch_size=1 for Section 4 latency-oriented edge inference.",
    "energy": "Software energy is reported only when active power is provided.",
    "platform_warning": "Do not mix AutoDL server runtime with laptop CPU/GPU names in the paper."
  }
}
