{
  "eval_name": "eval_04",
  "created_utc": "2026-07-01T08:40:23.263717+00:00",
  "datasets": [
    "cifar10dvs",
    "dvsgesture"
  ],
  "summaries": [
    {
      "dataset": "cifar10dvs",
      "selected_design_points": [
        {
          "dataset": "cifar10dvs",
          "design_name": "adc16_hapr8",
          "num_samples": 1000,
          "accuracy_percent": 76.3,
          "loss": 0.7489867782592774,
          "hapr_group_size": 8,
          "hapr_output_lanes_total": 32,
          "adc_macros": 16,
          "mrr_stabilization_mw": 0.0,
          "dense_sop_per_image": 5379850240.0,
          "active_sop_per_image": 525792116.992,
          "active_sop_ratio": 0.09773359731887257,
          "model_input_activity": 0.34669923095703126,
          "mvm_input_activity": 0.12650999938998886,
          "lif_spike_activity": 0.0636730786572467,
          "adc_element_request_activity": 0.7691186361771806,
          "adc_group_request_activity": 0.9997707836522728,
          "adc_requests_per_image": 1474541.933393064,
          "adc_group_opportunities_per_image": 1474880.0,
          "base_cycles_per_image": 80229.51003906249,
          "adc_demand_per_cycle": 18.37904697006292,
          "adc_macro_utilization": 1.0,
          "adc_stall_cycles_proxy": 11929.36079800401,
          "adc_is_saturated": 1,
          "latency_us_per_image": 92.1588708370665,
          "throughput_images_per_s": 10850.827390973174,
          "total_power_w": 2.596536827786329,
          "total_power_mw": 2596.536827786329,
          "energy_uJ_per_image": 239.2939021356467,
          "active_GOPS_per_W": 2197.265004663379,
          "dense_equivalent_GOPS_per_W": 22482.18693408395,
          "adc_power_mode": "activity_scaled",
          "modulator_activity_source": "mvm_input_activity",
          "selection_reason": "default_main_case"
        },
        {
          "dataset": "cifar10dvs",
          "design_name": "adc128_hapr32",
          "num_samples": 1000,
          "accuracy_percent": 76.3,
          "loss": 0.7489867782592774,
          "hapr_group_size": 32,
          "hapr_output_lanes_total": 8,
          "adc_macros": 128,
          "mrr_stabilization_mw": 0.0,
          "dense_sop_per_image": 5379850240.0,
          "active_sop_per_image": 525792116.992,
          "active_sop_ratio": 0.09773359731887257,
          "model_input_activity": 0.34669923095703126,
          "mvm_input_activity": 0.12650999938998886,
          "lif_spike_activity": 0.0636730786572467,
          "adc_element_request_activity": 0.7691186361771806,
          "adc_group_request_activity": 0.9999999999999687,
          "adc_requests_per_image": 368719.9999999884,
          "adc_group_opportunities_per_image": 368720.0,
          "base_cycles_per_image": 80229.51003906249,
          "adc_demand_per_cycle": 4.595815178485628,
          "adc_macro_utilization": 0.03590480608191897,
          "adc_stall_cycles_proxy": 0.0,
          "adc_is_saturated": 0,
          "latency_us_per_image": 80.22951003906249,
          "throughput_images_per_s": 12464.241642671326,
          "total_power_w": 2.070518094392429,
          "total_power_mw": 2070.518094392429,
          "energy_uJ_per_image": 166.1166522401179,
          "active_GOPS_per_W": 3165.1981297575103,
          "dense_equivalent_GOPS_per_W": 32385.977970610358,
          "adc_power_mode": "activity_scaled",
          "modulator_activity_source": "mvm_input_activity",
          "selection_reason": "lowest_energy_non_saturated"
        },
        {
          "dataset": "cifar10dvs",
          "design_name": "adc128_hapr32",
          "num_samples": 1000,
          "accuracy_percent": 76.3,
          "loss": 0.7489867782592774,
          "hapr_group_size": 32,
          "hapr_output_lanes_total": 8,
          "adc_macros": 128,
          "mrr_stabilization_mw": 0.0,
          "dense_sop_per_image": 5379850240.0,
          "active_sop_per_image": 525792116.992,
          "active_sop_ratio": 0.09773359731887257,
          "model_input_activity": 0.34669923095703126,
          "mvm_input_activity": 0.12650999938998886,
          "lif_spike_activity": 0.0636730786572467,
          "adc_element_request_activity": 0.7691186361771806,
          "adc_group_request_activity": 0.9999999999999687,
          "adc_requests_per_image": 368719.9999999884,
          "adc_group_opportunities_per_image": 368720.0,
          "base_cycles_per_image": 80229.51003906249,
          "adc_demand_per_cycle": 4.595815178485628,
          "adc_macro_utilization": 0.03590480608191897,
          "adc_stall_cycles_proxy": 0.0,
          "adc_is_saturated": 0,
          "latency_us_per_image": 80.22951003906249,
          "throughput_images_per_s": 12464.241642671326,
          "total_power_w": 2.070518094392429,
          "total_power_mw": 2070.518094392429,
          "energy_uJ_per_image": 166.1166522401179,
          "active_GOPS_per_W": 3165.1981297575103,
          "dense_equivalent_GOPS_per_W": 32385.977970610358,
          "adc_power_mode": "activity_scaled",
          "modulator_activity_source": "mvm_input_activity",
          "selection_reason": "lowest_energy_overall"
        }
      ]
    },
    {
      "dataset": "dvsgesture",
      "selected_design_points": [
        {
          "dataset": "dvsgesture",
          "design_name": "adc16_hapr8",
          "num_samples": 288,
          "accuracy_percent": 88.54166666666667,
          "loss": 0.4110616048177083,
          "hapr_group_size": 8,
          "hapr_output_lanes_total": 32,
          "adc_macros": 16,
          "mrr_stabilization_mw": 0.0,
          "dense_sop_per_image": 2737438720.0,
          "active_sop_per_image": 236315265.55555555,
          "active_sop_ratio": 0.08632714362846287,
          "model_input_activity": 0.23786487579345703,
          "mvm_input_activity": 0.10474893746950889,
          "lif_spike_activity": 0.042121704849956955,
          "adc_element_request_activity": 0.6529718925049122,
          "adc_group_request_activity": 0.9986679907634849,
          "adc_requests_per_image": 1268388.2417088868,
          "adc_group_opportunities_per_image": 1270080.0,
          "base_cycles_per_image": 36058.84789360894,
          "adc_demand_per_cycle": 35.175506589984415,
          "adc_macro_utilization": 1.0,
          "adc_stall_cycles_proxy": 43215.41721319649,
          "adc_is_saturated": 1,
          "latency_us_per_image": 79.27426510680543,
          "throughput_images_per_s": 12614.434188102658,
          "total_power_w": 2.5755307899142,
          "total_power_mw": 2575.5307899142,
          "energy_uJ_per_image": 204.17331063039828,
          "active_GOPS_per_W": 1157.424860408625,
          "dense_equivalent_GOPS_per_W": 13407.426815718378,
          "adc_power_mode": "activity_scaled",
          "modulator_activity_source": "mvm_input_activity",
          "selection_reason": "default_main_case"
        },
        {
          "dataset": "dvsgesture",
          "design_name": "adc128_hapr32",
          "num_samples": 288,
          "accuracy_percent": 88.54166666666667,
          "loss": 0.4110616048177083,
          "hapr_group_size": 32,
          "hapr_output_lanes_total": 8,
          "adc_macros": 128,
          "mrr_stabilization_mw": 0.0,
          "dense_sop_per_image": 2737438720.0,
          "active_sop_per_image": 236315265.55555555,
          "active_sop_ratio": 0.08632714362846287,
          "model_input_activity": 0.23786487579345703,
          "mvm_input_activity": 0.10474893746950889,
          "lif_spike_activity": 0.042121704849956955,
          "adc_element_request_activity": 0.6529718925049122,
          "adc_group_request_activity": 0.999999999977285,
          "adc_requests_per_image": 317519.99999278755,
          "adc_group_opportunities_per_image": 317520.0,
          "base_cycles_per_image": 36058.84789360894,
          "adc_demand_per_cycle": 8.805605795549134,
          "adc_macro_utilization": 0.06879379527772761,