{
  "eval_name": "eval_04",
  "purpose": "hapr_adc_pool_mrr_sensitivity",
  "created_utc": "2026-07-01T08:40:23.258170+00:00",
  "command": "/root/autodl-tmp/OpticalDeconv_SNN/eval/eval_04.py --datasets cifar10dvs dvsgesture --input-root results/eval_v2 --output-root results/eval_v2 --hardware configs/hardware_hipsa.yaml --device-params configs/device_params.yaml --adc-pool-sizes 8 16 32 64 128 --hapr-group-sizes 4 8 16 32",
  "dataset": "dvsgesture",
  "input_eval01_summary": "results/eval_v2/dvsgesture/eval_01/summary.json",
  "hardware": "configs/hardware_hipsa.yaml",
  "device_params": "configs/device_params.yaml",
  "default_hapr_group_size": 8,
  "default_adc_macros": 16,
  "adc_pool_sizes": [
    8,
    16,
    32,
    64,
    128
  ],
  "hapr_group_sizes": [
    4,
    8,
    16,
    32
  ],
  "mrr_stress_mw": [
    0.0,
    100.0,
    250.0,
    350.0,
    500.0,
    19660.8
  ],
  "activity": {
    "num_samples": 288,
    "accuracy_percent": 88.54166666666667,
    "dense_sop_per_image": 2737438720.0,
    "active_sop_per_image": 236315265.55555555,
    "active_sop_ratio": 0.08632714362846287,
    "adc_request_activity": 0.6529718925049122,
    "lif_spike_activity": 0.042121704849956955
  },
  "selected_design_points": [
    {
      "dataset": "dvsgesture",
      "design_name": "adc16_hapr8",
      "num_samples": 288,
      "accuracy_percent": 88.54166666666667,
      "loss": 0.4110616048177083,
      "hapr_group_size": 8,
      "hapr_output_lanes_total": 32,
      "adc_macros": 16,
      "mrr_stabilization_mw": 0.0,
      "dense_sop_per_image": 2737438720.0,
      "active_sop_per_image": 236315265.55555555,
      "active_sop_ratio": 0.08632714362846287,
      "model_input_activity": 0.23786487579345703,
      "mvm_input_activity": 0.10474893746950889,
      "lif_spike_activity": 0.042121704849956955,
      "adc_element_request_activity": 0.6529718925049122,
      "adc_group_request_activity": 0.9986679907634849,
      "adc_requests_per_image": 1268388.2417088868,
      "adc_group_opportunities_per_image": 1270080.0,
      "base_cycles_per_image": 36058.84789360894,
      "adc_demand_per_cycle": 35.175506589984415,
      "adc_macro_utilization": 1.0,
      "adc_stall_cycles_proxy": 43215.41721319649,
      "adc_is_saturated": 1,
      "latency_us_per_image": 79.27426510680543,
      "throughput_images_per_s": 12614.434188102658,
      "total_power_w": 2.5755307899142,
      "total_power_mw": 2575.5307899142,
      "energy_uJ_per_image": 204.17331063039828,
      "active_GOPS_per_W": 1157.424860408625,
      "dense_equivalent_GOPS_per_W": 13407.426815718378,
      "adc_power_mode": "activity_scaled",
      "modulator_activity_source": "mvm_input_activity",
      "selection_reason": "default_main_case"
    },
    {
      "dataset": "dvsgesture",
      "design_name": "adc128_hapr32",
      "num_samples": 288,
      "accuracy_percent": 88.54166666666667,
      "loss": 0.4110616048177083,
      "hapr_group_size": 32,
      "hapr_output_lanes_total": 8,
      "adc_macros": 128,
      "mrr_stabilization_mw": 0.0,
      "dense_sop_per_image": 2737438720.0,
      "active_sop_per_image": 236315265.55555555,
      "active_sop_ratio": 0.08632714362846287,
      "model_input_activity": 0.23786487579345703,
      "mvm_input_activity": 0.10474893746950889,
      "lif_spike_activity": 0.042121704849956955,
      "adc_element_request_activity": 0.6529718925049122,
      "adc_group_request_activity": 0.999999999977285,
      "adc_requests_per_image": 317519.99999278755,
      "adc_group_opportunities_per_image": 317520.0,
      "base_cycles_per_image": 36058.84789360894,
      "adc_demand_per_cycle": 8.805605795549134,
      "adc_macro_utilization": 0.06879379527772761,
      "adc_stall_cycles_proxy": 0.0,
      "adc_is_saturated": 0,
      "latency_us_per_image": 36.05884789360894,
      "throughput_images_per_s": 27732.444557033108,
      "total_power_w": 2.113075015312159,
      "total_power_mw": 2113.075015312159,
      "energy_uJ_per_image": 76.19505056492652,
      "active_GOPS_per_W": 3101.451653400887,
      "dense_equivalent_GOPS_per_W": 35926.72620733288,
      "adc_power_mode": "activity_scaled",
      "modulator_activity_source": "mvm_input_activity",
      "selection_reason": "lowest_energy_non_saturated"
    },
    {
      "dataset": "dvsgesture",
      "design_name": "adc128_hapr32",
      "num_samples": 288,
      "accuracy_percent": 88.54166666666667,
      "loss": 0.4110616048177083,
      "hapr_group_size": 32,
      "hapr_output_lanes_total": 8,
      "adc_macros": 128,
      "mrr_stabilization_mw": 0.0,
      "dense_sop_per_image": 2737438720.0,
      "active_sop_per_image": 236315265.55555555,
      "active_sop_ratio": 0.08632714362846287,
      "model_input_activity": 0.23786487579345703,
      "mvm_input_activity": 0.10474893746950889,
      "lif_spike_activity": 0.042121704849956955,
      "adc_element_request_activity": 0.6529718925049122,
      "adc_group_request_activity": 0.999999999977285,
      "adc_requests_per_image": 317519.99999278755,
      "adc_group_opportunities_per_image": 317520.0,
      "base_cycles_per_image": 36058.84789360894,
      "adc_demand_per_cycle": 8.805605795549134,
      "adc_macro_utilization": 0.06879379527772761,
      "adc_stall_cycles_proxy": 0.0,
      "adc_is_saturated": 0,
      "latency_us_per_image": 36.05884789360894,
      "throughput_images_per_s": 27732.444557033108,
      "total_power_w": 2.113075015312159,
      "total_power_mw": 2113.075015312159,
      "energy_uJ_per_image": 76.19505056492652,
      "active_GOPS_per_W": 3101.451653400887,
      "dense_equivalent_GOPS_per_W": 35926.72620733288,
      "adc_power_mode": "activity_scaled",
      "modulator_activity_source": "mvm_input_activity",
      "selection_reason": "lowest_energy_overall"
    }
  ],
  "notes": {
    "adc_pool_sweep": "Varies ADC macros at the default HAPR group size.",
    "hapr_adc_sweep": "Full cross-product of HAPR group size and ADC pool size.",
    "mrr_sensitivity": "Varies MRR stabilization power while keeping HAPR/ADC at default.",
    "main_case": "MRR stabilization uses 0 mW unless explicitly swept.",
    "thermal_per_ring_case": "Optional stress case: 4*64*64*1.2 mW = 19.6608 W."
  }
}
