{
  "eval_name": "eval_02",
  "created_utc": "2026-07-01T07:45:08.743400+00:00",
  "datasets": [
    "cifar10dvs",
    "dvsgesture"
  ],
  "summaries": [
    {
      "dataset": "cifar10dvs",
      "latency_energy_summary": {
        "dataset": "cifar10dvs",
        "num_samples": 1000,
        "accuracy_percent": 76.3,
        "loss": 0.7489867782592774,
        "dense_sop_per_image": 5379850240.0,
        "active_sop_per_image": 525792116.992,
        "active_sop_ratio": 0.09773359731887257,
        "model_input_activity": 0.34669923095703126,
        "mvm_input_activity": 0.12650999938998886,
        "lif_spike_activity": 0.0636730786572467,
        "adc_element_request_activity": 0.7691186361771806,
        "adc_group_request_activity": 0.9997707836522728,
        "adc_macro_utilization": 1.0,
        "base_latency_us_per_image": 80.22951003906249,
        "latency_us_per_image": 92.1588708370665,
        "throughput_images_per_s": 10850.827390973174,
        "total_power_w": 2.596536827786329,
        "total_power_mw": 2596.536827786329,
        "energy_uJ_per_image": 239.2939021356467,
        "active_GOPS_per_W": 2197.265004663379,
        "dense_equivalent_GOPS_per_W": 22482.18693408395
      }
    },
    {
      "dataset": "dvsgesture",
      "latency_energy_summary": {
        "dataset": "dvsgesture",
        "num_samples": 288,
        "accuracy_percent": 88.54166666666667,
        "loss": 0.4110616048177083,
        "dense_sop_per_image": 2737438720.0,
        "active_sop_per_image": 236315265.55555555,
        "active_sop_ratio": 0.08632714362846287,
        "model_input_activity": 0.23786487579345703,
        "mvm_input_activity": 0.10474893746950889,
        "lif_spike_activity": 0.042121704849956955,
        "adc_element_request_activity": 0.6529718925049122,
        "adc_group_request_activity": 0.9986679907634849,
        "adc_macro_utilization": 1.0,
        "base_latency_us_per_image": 36.05884789360894,
        "latency_us_per_image": 79.27426510680543,
        "throughput_images_per_s": 12614.434188102658,
        "total_power_w": 2.5755307899142,
        "total_power_mw": 2575.5307899142,
        "energy_uJ_per_image": 204.17331063039828,
        "active_GOPS_per_W": 1157.424860408625,
        "dense_equivalent_GOPS_per_W": 13407.426815718378
      }
    }
  ]
}
