layer,hapr_group_size,output_shape_last,output_channels,output_elements_total,adc_element_request_activity,adc_group_request_activity,adc_group_opportunities_total,adc_requests_total
conv1,8,"[104, 32, 128, 128]",32,5242880000.0,0.6117931428909302,0.9994841711617739,655360000.0,655021946.4125801
conv2,8,"[104, 64, 64, 64]",64,2621440000.0,0.8966609382629395,0.9999999869948276,327680000.0,327679995.73846513
conv3,8,"[104, 128, 32, 32]",128,1310720000.0,0.891354052734375,0.999999980586303,163840000.0,163839996.81925988
conv4,8,"[104, 128, 32, 32]",128,1310720000.0,0.896896450805664,0.999999987230058,163840000.0,163839997.9077727
conv5,8,"[104, 256, 16, 16]",256,655360000.0,0.9028914871215821,0.99999999209215,81920000.0,81919999.35218893
conv6,8,"[104, 256, 16, 16]",256,655360000.0,0.8832094940185546,0.9999999653853201,81920000.0,81919997.16436543
fc1,8,"[104, 256]",256,2560000.0,0.908527734375,0.9999999950986526,320000.0,319999.9984315688
