layer,name,module_type,calls,input_active,input_total,input_activity,output_active,output_total,output_activity,adc_request_active,adc_request_total,adc_activity_proxy,dense_sop_total,active_sop_total,dense_sop_per_image,active_sop_per_image,output_mean_abs,output_rms,output_max_abs
conv1,conv1,Conv2d,80,113606404,327680000,0.34669923095703126,3961302270,5242880000,0.7555584468841553,3961302270,5242880000,0.7555584468841553,94371840000.0,32718644352.0,94371840.0,32718644.352,0.19064370307922363,0.33001438037288494,2.1510887145996094
conv2,conv2,Conv2d,80,202192150,1310720000,0.15426036834716797,2613190900,2621440000,0.9968532180786133,2613190900,2621440000,0.9968532180786133,754974720000.0,116462678400.0,754974720.0,116462678.4,0.745831660079956,0.9674197013317334,5.930346488952637
conv3,conv3,Conv2d,80,104984835,655360000,0.16019414520263672,1310719650,1310720000,0.9999997329711914,1310719650,1310720000,0.9999997329711914,754974720000.0,120942529920.0,754974720.0,120942529.92,1.232929665374756,1.609720924547338,10.876713752746582
conv4,conv4,Conv2d,80,93639703,1310720000,0.07144142379760743,1310718735,1310720000,0.9999990348815918,1310718735,1310720000,0.9999990348815918,1509949440000.0,107872937856.00002,1509949440.0,107872937.85600002,1.2388036514282226,1.5633646116130409,12.538520812988281
conv5,conv5,Conv2d,80,36878182,327680000,0.11254328002929688,655359872,655360000,0.9999998046875,655359872,655360000,0.9999998046875,754974720000.0,84967331328.0,754974720.0,84967331.328,1.3848903594970703,1.7681255141278056,12.204286575317383
conv6,conv6,Conv2d,80,27004014,655360000,0.04120485534667969,655351119,655360000,0.9999864486694336,655351119,655360000,0.9999864486694336,1509949440000.0,62217248256.00001,1509949440.0,62217248.256000005,0.714838724899292,0.9250107870761699,7.687444686889648
fc1,fc1,Linear,80,2385730,2560000,0.93192578125,2560000,2560000,1.0,2560000,2560000,1.0,655360000.0,610746880.0,655360.0,610746.88,1.2096451705932618,1.6029222240439251,10.142783164978027
