layer,hapr_group_size,output_shape_last,output_channels,output_elements_total,adc_element_request_activity,adc_group_request_activity,adc_group_opportunities_total,adc_requests_total
conv1,8,"[32, 32, 128, 128]",32,1509949440.0,0.5253598444991642,0.9974241781617621,188743680.0,188257509.90722662
conv2,8,"[32, 64, 64, 64]",64,754974720.0,0.7624787701500787,0.9999898697662535,94371840.0,94370883.99120171
conv3,8,"[32, 128, 32, 32]",128,377487360.0,0.8133716450797187,0.9999985282941266,47185920.0,47185850.55620439
conv4,8,"[32, 128, 16, 16]",128,94371840.0,0.8139601177639432,0.9999985650114115,11796480.0,11796463.072185816
conv5,8,"[32, 256, 16, 16]",256,188743680.0,0.833530330657959,0.9999994102323659,23592960.0,23592946.0856358
fc1,8,"[32, 256]",256,737280.0,0.9132771809895833,0.9999999968006107,92160.0,92159.99970514428
