epoch,lr,train_loss,train_acc,val_loss,val_acc
1,0.0004,3.177602885246277,21.7125,1.8926011199951172,33.8
