hapr_group_size,hapr_output_lanes_total,adc_macros,comparator_threshold_fs_default,adc_requests_per_image,cycles_per_image_input,adc_demand_per_cycle,adc_macro_utilization,adc_service_cycles_per_image,adc_stall_cycles_proxy,adc_is_saturated,sweep_adc_macros
8,32,4,0.02,422796.08056962903,36058.84789360894,11.725168863328141,1.0,105699.02014240726,69640.17224879832,True,4
8,32,8,0.02,422796.08056962903,36058.84789360894,11.725168863328141,1.0,52849.51007120363,16790.66217759469,True,8
8,32,16,0.02,422796.08056962903,36058.84789360894,11.725168863328141,0.7328230539580088,26424.755035601815,0.0,False,16
8,32,32,0.02,422796.08056962903,36058.84789360894,11.725168863328141,0.3664115269790044,13212.377517800907,0.0,False,32
8,32,64,0.02,422796.08056962903,36058.84789360894,11.725168863328141,0.1832057634895022,6606.188758900454,0.0,False,64
