epoch,lr,train_loss,train_acc,val_loss,val_acc
1,0.0004,3.5929382822730322,9.659090909090908,2.389005772272746,13.333333333333334
